"0","grades <- tibble(student = c(1, 2, 3, 4, 5),"
"0","              score = c(4, 6, 3, 8, 7))"
"0",""
"0","ggplot(data = grades, aes(x = student, y = marks)) +"
"0","  geom_col()"
"2","G1;[1m[33mError[39m in `geom_col()`:[22m
[38;5;232m[33m![38;5;232m Problem while computing aesthetics.
[36mℹ[38;5;232m Error occurred in the 1st layer.[39m
[1mCaused by error:[22m
[33m![39m object 'marks' not found
[90mRun `]8;;x-r-run:rlang::last_trace()rlang::last_trace()]8;;` to see where the error occurred.[39m
g"
