Year,Area Name,All ages,Not Stated,0 up to 19,20 to 24,25 to 29,30 to 34,35 to 39,40 and over
1991,Scotland,"67,024",103,"5,523","16,723","24,163","15,206","4,589",717
1991,Aberdeen City,"2,697",1,200,617,985,665,202,27
1991,Aberdeenshire,"2,918",3,156,696,"1,131",706,185,41
1991,Angus,"1,336",0,115,346,507,283,79,6
1991,Argyll and Bute,"1,220",2,90,311,415,291,98,13
1991,City of Edinburgh,"5,671",1,378,"1,141","1,938","1,612",517,84
1991,Clackmannanshire,663,0,65,186,248,117,41,6
1991,Dumfries and Galloway,"1,781",2,135,488,668,360,107,21
1991,Dundee City,"2,017",0,207,628,655,392,109,26
1991,East Ayrshire,"1,727",4,199,512,582,326,90,14
1991,East Dunbartonshire,"1,370",0,53,178,511,444,164,20
1991,East Lothian,"1,113",0,76,250,402,294,80,11
1991,East Renfrewshire,"1,123",2,27,123,425,408,119,19
1991,Falkirk,"1,932",3,165,507,745,399,102,11
1991,Fife,"4,388",3,419,"1,175","1,636",876,239,40
1991,Glasgow City,"9,027",4,913,"2,468","3,097","1,840",605,100
1991,Highland,"2,657",3,191,687,929,611,198,38
1991,Inverclyde,"1,185",0,124,296,421,255,75,14
1991,Midlothian,"1,080",0,64,247,461,225,75,8
1991,Moray,"1,162",0,101,342,418,205,76,20
1991,Na h Eileanan Siar,329,0,23,79,105,86,31,5
1991,North Ayrshire,"1,931",46,176,545,679,351,120,14
1991,North Lanarkshire,"4,482",10,424,"1,213","1,659",893,250,33
1991,Orkney Islands,237,0,16,57,88,53,15,8
1991,Perth and Kinross,"1,554",2,101,385,581,354,115,16
1991,Renfrewshire,"2,219",3,158,525,783,566,165,19
1991,Scottish Borders,"1,259",4,88,278,477,316,86,10
1991,Shetland Islands,324,1,22,93,109,73,25,1
1991,South Ayrshire,"1,230",3,129,267,403,315,97,16
1991,South Lanarkshire,"4,050",5,328,974,"1,512",927,271,33
1991,Stirling,971,0,80,251,321,240,64,15
1991,West Dunbartonshire,"1,277",1,121,332,468,270,72,13
1991,West Lothian,"2,094",0,179,526,804,453,117,15
1992,Scotland,"65,789",60,"5,206","15,405","23,571","15,973","4,877",697
1992,Aberdeen City,"2,662",1,207,619,906,698,204,27
1992,Aberdeenshire,"3,021",2,150,640,"1,149",800,241,39
1992,Angus,"1,373",0,95,353,513,291,101,20
1992,Argyll and Bute,"1,118",2,65,245,412,283,97,14
1992,City of Edinburgh,"5,477",2,319,998,"1,911","1,602",571,74
1992,Clackmannanshire,679,0,56,175,266,141,37,4
1992,Dumfries and Galloway,"1,751",6,148,445,655,361,117,19
1992,Dundee City,"1,982",0,211,576,651,413,116,15
1992,East Ayrshire,"1,659",2,184,420,606,335,101,11
1992,East Dunbartonshire,"1,266",0,54,165,437,450,146,14
1992,East Lothian,"1,147",2,57,242,436,297,99,14
1992,East Renfrewshire,"1,131",1,29,124,398,439,122,18
1992,Falkirk,"1,842",0,139,456,707,410,114,16
1992,Fife,"4,306",8,385,"1,118","1,573",919,265,38
1992,Glasgow City,"8,734",5,871,"2,262","2,865","2,029",609,93
1992,Highland,"2,694",3,200,634,993,587,237,40
1992,Inverclyde,"1,157",0,118,285,419,234,93,8
1992,Midlothian,"1,077",1,77,255,402,258,74,10
1992,Moray,"1,166",0,103,313,459,218,62,11
1992,Na h Eileanan Siar,332,0,34,65,107,87,28,11
1992,North Ayrshire,"1,797",5,178,512,621,359,101,21
1992,North Lanarkshire,"4,342",5,408,"1,089","1,537","1,016",250,37
1992,Orkney Islands,239,0,16,51,92,58,18,4
1992,Perth and Kinross,"1,523",6,101,307,544,414,134,17
1992,Renfrewshire,"2,299",2,192,477,818,627,168,15
1992,Scottish Borders,"1,196",1,71,270,453,289,98,14
1992,Shetland Islands,325,1,21,101,99,70,31,2
1992,South Ayrshire,"1,267",2,90,283,464,316,99,13
1992,South Lanarkshire,"3,880",0,293,843,"1,441",985,279,39
1992,Stirling,936,2,74,187,324,271,66,12
1992,West Dunbartonshire,"1,322",1,114,338,490,283,89,7
1992,West Lothian,"2,089",0,146,557,823,433,110,20
1993,Scotland,"63,337",49,"4,750","13,923","22,758","16,088","5,049",720
1993,Aberdeen City,"2,620",0,177,573,913,707,217,33
1993,Aberdeenshire,"2,855",3,124,572,"1,108",771,240,37
1993,Angus,"1,363",0,73,320,539,324,92,15
1993,Argyll and Bute,"1,008",3,63,202,353,284,88,15
1993,City of Edinburgh,"5,229",1,296,900,"1,781","1,608",544,99
1993,Clackmannanshire,636,0,59,149,243,136,44,5
1993,Dumfries and Galloway,"1,709",14,140,400,631,406,107,11
1993,Dundee City,"1,894",0,243,489,634,403,107,18
1993,East Ayrshire,"1,585",0,178,413,559,343,83,9
1993,East Dunbartonshire,"1,230",0,43,144,439,444,146,14
1993,East Lothian,"1,097",0,65,209,419,286,104,14
1993,East Renfrewshire,"1,151",0,28,125,385,440,154,19
1993,Falkirk,"1,795",3,136,408,736,401,102,9
1993,Fife,"4,278",2,337,"1,040","1,599",963,298,39
1993,Glasgow City,"8,251",4,797,"1,970","2,737","2,003",655,85
1993,Highland,"2,541",6,190,607,887,590,227,34
1993,Inverclyde,"1,097",0,89,216,396,291,99,6
1993,Midlothian,980,0,78,186,380,255,75,6
1993,Moray,"1,147",1,78,324,419,241,69,15
1993,Na h Eileanan Siar,283,0,17,56,97,76,28,9
1993,North Ayrshire,"1,739",0,172,448,588,386,123,22
1993,North Lanarkshire,"4,176",4,337,"1,032","1,544",944,272,43
1993,Orkney Islands,237,1,15,60,91,52,15,3
1993,Perth and Kinross,"1,487",0,96,303,552,382,136,18
1993,Renfrewshire,"2,132",1,157,442,722,608,174,28
1993,Scottish Borders,"1,138",2,50,235,431,313,97,10
1993,Shetland Islands,313,0,19,80,116,67,29,2
1993,South Ayrshire,"1,248",0,86,271,447,321,109,14
1993,South Lanarkshire,"3,911",1,269,782,"1,473","1,040",306,40
1993,Stirling,919,2,67,189,311,256,79,15
1993,West Dunbartonshire,"1,252",1,110,313,470,260,85,13
1993,West Lothian,"2,036",0,161,465,758,487,145,20
1994,Scotland,"61,656",52,"4,303","12,637","21,851","16,705","5,346",762
1994,Aberdeen City,"2,626",0,163,553,898,741,233,38
1994,Aberdeenshire,"2,865",3,135,527,"1,129",811,222,38
1994,Angus,"1,277",1,79,285,450,342,104,16
1994,Argyll and Bute,"1,033",1,57,211,344,273,126,21
1994,City of Edinburgh,"5,291",3,297,842,"1,690","1,766",608,85
1994,Clackmannanshire,608,0,52,135,207,149,60,5
1994,Dumfries and Galloway,"1,748",7,142,394,613,450,121,21
1994,Dundee City,"1,744",1,206,445,575,385,118,14
1994,East Ayrshire,"1,470",1,122,354,528,327,123,15
1994,East Dunbartonshire,"1,227",0,40,126,402,487,152,20
1994,East Lothian,"1,050",1,58,175,384,304,113,15
1994,East Renfrewshire,"1,068",0,28,100,317,436,169,18
1994,Falkirk,"1,747",0,142,366,661,447,120,11
1994,Fife,"4,110",9,316,919,"1,559",987,284,36
1994,Glasgow City,"7,868",5,697,"1,842","2,611","1,974",644,95
1994,Highland,"2,483",6,158,545,888,631,217,38
1994,Inverclyde,"1,093",0,88,239,377,279,97,13
1994,Midlothian,984,1,53,194,385,260,79,12
1994,Moray,"1,136",0,72,264,425,277,77,21
1994,Na h Eileanan Siar,300,1,10,62,111,73,38,5
1994,North Ayrshire,"1,685",1,139,379,647,393,112,14
1994,North Lanarkshire,"4,057",0,343,930,"1,500",975,263,46
1994,Orkney Islands,249,0,12,51,91,63,27,5
1994,Perth and Kinross,"1,413",1,67,276,497,410,142,20
1994,Renfrewshire,"2,066",2,145,409,713,592,188,17
1994,Scottish Borders,"1,147",2,68,234,409,316,99,19
1994,Shetland Islands,314,1,18,63,123,85,20,4
1994,South Ayrshire,"1,144",2,72,226,392,323,117,12
1994,South Lanarkshire,"3,717",3,235,640,"1,395","1,060",338,46
1994,Stirling,855,0,57,155,289,259,87,8
1994,West Dunbartonshire,"1,265",0,111,275,464,300,97,18
1994,West Lothian,"2,016",0,121,421,777,530,151,16
1995,Scotland,"60,051",24,"4,280","11,913","20,395","16,803","5,799",837
1995,Aberdeen City,"2,363",0,155,452,745,722,254,35
1995,Aberdeenshire,"2,697",1,113,432,"1,021",831,259,40
1995,Angus,"1,256",0,93,275,444,332,103,9
1995,Argyll and Bute,"1,011",1,54,198,345,281,108,24
1995,City of Edinburgh,"5,061",2,268,794,"1,514","1,743",662,78
1995,Clackmannanshire,637,0,51,153,220,158,43,12
1995,Dumfries and Galloway,"1,636",6,110,354,590,416,138,22
1995,Dundee City,"1,744",0,205,433,519,429,137,21
1995,East Ayrshire,"1,468",0,130,362,534,334,95,13
1995,East Dunbartonshire,"1,252",0,32,121,381,501,194,23
1995,East Lothian,"1,088",1,46,189,370,342,124,16
1995,East Renfrewshire,"1,004",0,27,104,307,396,146,24
1995,Falkirk,"1,633",1,111,358,585,431,132,15
1995,Fife,"4,033",0,300,853,"1,464","1,020",335,61
1995,Glasgow City,"7,785",3,734,"1,767","2,488","1,968",724,101
1995,Highland,"2,412",1,145,487,794,701,241,43
1995,Inverclyde,"1,086",0,98,212,370,281,109,16
1995,Midlothian,939,2,68,174,350,263,70,12
1995,Moray,"1,076",0,60,277,378,261,83,17
1995,Na h Eileanan Siar,302,0,15,60,92,82,43,10
1995,North Ayrshire,"1,628",0,130,370,552,412,146,18
1995,North Lanarkshire,"4,032",0,341,898,"1,438",990,331,34
1995,Orkney Islands,231,1,19,60,87,48,15,1
1995,Perth and Kinross,"1,374",2,82,258,472,415,123,22
1995,Renfrewshire,"2,104",0,167,365,721,616,214,21
1995,Scottish Borders,"1,172",0,72,230,397,330,113,30
1995,Shetland Islands,291,1,15,58,104,82,25,6
1995,South Ayrshire,"1,080",0,103,186,376,294,106,15
1995,South Lanarkshire,"3,507",0,244,605,"1,247","1,019",346,46
1995,Stirling,913,0,52,154,297,288,108,14
1995,West Dunbartonshire,"1,171",0,105,225,421,299,105,16
1995,West Lothian,"2,065",2,135,449,772,518,167,22
1996,Scotland,"59,296",128,"4,544","11,026","19,511","17,038","6,126",923
1996,Aberdeen City,"2,402",1,172,448,768,720,255,38
1996,Aberdeenshire,"2,627",13,119,444,961,776,276,38
1996,Angus,"1,219",1,95,262,416,323,101,21
1996,Argyll and Bute,955,11,69,172,302,262,120,19
1996,City of Edinburgh,"5,130",7,310,731,"1,482","1,770",710,120
1996,Clackmannanshire,598,0,50,131,223,142,47,5
1996,Dumfries and Galloway,"1,610",1,116,361,534,422,159,17
1996,Dundee City,"1,728",3,205,420,539,396,143,22
1996,East Ayrshire,"1,395",1,144,285,492,349,116,8
1996,East Dunbartonshire,"1,167",0,59,107,368,436,177,20
1996,East Lothian,"1,086",2,57,181,371,346,116,13
1996,East Renfrewshire,"1,010",1,46,90,303,395,144,31
1996,Falkirk,"1,677",2,122,328,603,472,132,18
1996,Fife,"3,830",13,336,790,"1,288",990,356,57
1996,Glasgow City,"7,696",5,747,"1,572","2,387","2,043",795,147
1996,Highland,"2,377",24,164,462,744,680,272,31
1996,Inverclyde,"1,016",1,113,179,340,266,104,13
1996,Midlothian,899,0,67,169,325,248,78,12
1996,Moray,"1,021",3,75,218,365,270,77,13
1996,Na h Eileanan Siar,281,4,15,47,86,86,34,9
1996,North Ayrshire,"1,581",2,138,349,538,398,129,27
1996,North Lanarkshire,"4,092",4,370,906,"1,367","1,068",333,44
1996,Orkney Islands,214,2,11,34,77,57,27,6
1996,Perth and Kinross,"1,386",4,81,198,475,434,172,22
1996,Renfrewshire,"2,122",0,157,382,670,661,217,35
1996,Scottish Borders,"1,132",5,52,175,399,350,129,22
1996,Shetland Islands,269,0,9,66,80,75,32,7
1996,South Ayrshire,"1,159",2,105,211,360,336,125,20
1996,South Lanarkshire,"3,534",13,231,585,"1,213","1,080",368,44
1996,Stirling,914,1,43,142,279,304,126,19
1996,West Dunbartonshire,"1,198",2,112,228,425,320,98,13
1996,West Lothian,"1,971",0,154,353,731,563,158,12
1997,Scotland,"59,440",66,"4,835","10,607","18,782","17,455","6,740",955
1997,Aberdeen City,"2,366",0,187,394,779,688,269,49
1997,Aberdeenshire,"2,594",1,133,412,872,836,306,34
1997,Angus,"1,236",3,102,226,445,310,133,17
1997,Argyll and Bute,948,5,51,182,307,270,114,19
1997,City of Edinburgh,"5,110",1,337,694,"1,391","1,824",750,113
1997,Clackmannanshire,570,0,49,125,189,146,57,4
1997,Dumfries and Galloway,"1,568",3,142,296,525,419,158,25
1997,Dundee City,"1,732",0,212,420,508,407,169,16
1997,East Ayrshire,"1,381",1,142,300,437,372,112,17
1997,East Dunbartonshire,"1,169",0,45,85,338,485,190,26
1997,East Lothian,"1,085",0,74,193,345,312,133,28
1997,East Renfrewshire,"1,039",1,40,91,278,419,178,32
1997,Falkirk,"1,639",1,140,333,536,464,149,16
1997,Fife,"3,824",7,365,756,"1,271",998,373,54
1997,Glasgow City,"7,609",2,756,"1,513","2,330","2,042",837,129
1997,Highland,"2,443",10,182,440,740,706,312,53
1997,Inverclyde,980,0,102,184,285,283,118,8
1997,Midlothian,942,0,69,160,346,261,92,14
1997,Moray,"1,084",2,65,218,437,268,77,17
1997,Na h Eileanan Siar,252,2,15,38,69,77,44,7
1997,North Ayrshire,"1,636",1,162,336,544,428,145,20
1997,North Lanarkshire,"4,090",3,388,814,"1,326","1,128",378,53
1997,Orkney Islands,224,1,11,47,74,59,23,9
1997,Perth and Kinross,"1,436",5,88,231,447,444,199,22
1997,Renfrewshire,"2,194",0,161,354,681,713,247,38
1997,Scottish Borders,"1,132",2,69,171,368,359,144,19
1997,Shetland Islands,286,0,16,38,110,85,34,3
1997,South Ayrshire,"1,150",1,121,184,344,351,134,15
1997,South Lanarkshire,"3,560",8,264,604,"1,127","1,093",418,46
1997,Stirling,969,1,62,159,279,303,148,17
1997,West Dunbartonshire,"1,157",1,113,226,359,321,128,9
1997,West Lothian,"2,035",4,172,383,695,584,171,26
1998,Scotland,"57,319",66,"4,802","9,804","17,477","17,207","6,893","1,070"
1998,Aberdeen City,"2,339",0,196,376,721,714,286,46
1998,Aberdeenshire,"2,594",5,147,387,877,830,299,49
1998,Angus,"1,180",2,97,210,376,345,133,17
1998,Argyll and Bute,850,10,56,147,225,262,130,20
1998,City of Edinburgh,"4,857",3,312,689,"1,247","1,693",812,101
1998,Clackmannanshire,537,0,62,102,178,135,47,13
1998,Dumfries and Galloway,"1,514",0,135,274,461,436,176,32
1998,Dundee City,"1,652",2,222,351,496,412,145,24
1998,East Ayrshire,"1,351",2,168,274,420,334,132,21
1998,East Dunbartonshire,"1,117",1,29,102,307,454,203,21
1998,East Lothian,"1,008",1,63,148,291,348,137,20
1998,East Renfrewshire,"1,013",0,42,70,262,422,183,34
1998,Falkirk,"1,700",0,163,290,548,523,158,18
1998,Fife,"3,854",9,372,677,"1,288","1,067",370,71
1998,Glasgow City,"7,146",4,778,"1,366","2,043","1,934",886,135
1998,Highland,"2,451",9,190,436,788,699,284,45
1998,Inverclyde,910,0,84,175,266,269,104,12
1998,Midlothian,964,1,80,143,315,282,126,17
1998,Moray,"1,034",0,59,183,380,283,111,18
1998,Na h Eileanan Siar,274,3,17,41,78,93,33,9
1998,North Ayrshire,"1,540",1,152,322,513,392,136,24
1998,North Lanarkshire,"4,078",3,347,826,"1,315","1,137",387,63
1998,Orkney Islands,194,0,17,30,68,53,24,2
1998,Perth and Kinross,"1,364",4,77,214,396,454,184,35
1998,Renfrewshire,"2,014",0,155,322,594,661,245,37
1998,Scottish Borders,"1,038",2,58,166,315,332,129,36
1998,Shetland Islands,265,0,26,44,77,77,34,7
1998,South Ayrshire,"1,165",0,99,205,363,335,142,21
1998,South Lanarkshire,"3,303",3,242,527,"1,048","1,010",414,59
1998,Stirling,921,1,66,133,258,307,138,18
1998,West Dunbartonshire,"1,116",0,124,222,322,323,105,20
1998,West Lothian,"1,976",0,167,352,641,591,200,25
1999,Scotland,"55,147",48,"4,755","9,440","16,011","16,722","7,034","1,137"
1999,Aberdeen City,"2,311",0,167,390,684,735,278,57
1999,Aberdeenshire,"2,501",6,130,388,792,793,327,65
1999,Angus,"1,085",0,106,214,318,313,113,21
1999,Argyll and Bute,834,2,64,140,243,253,107,25
1999,City of Edinburgh,"4,764",1,330,677,"1,144","1,615",874,123
1999,Clackmannanshire,544,0,60,124,163,143,46,8
1999,Dumfries and Galloway,"1,402",1,136,245,441,394,159,26
1999,Dundee City,"1,522",0,185,351,432,398,133,23
1999,East Ayrshire,"1,290",1,159,236,387,359,132,16
1999,East Dunbartonshire,"1,057",6,45,103,248,415,208,32
1999,East Lothian,968,0,68,144,265,309,156,26
1999,East Renfrewshire,953,0,29,83,228,403,179,31
1999,Falkirk,"1,603",0,139,306,481,488,173,16
1999,Fife,"3,655",5,346,681,"1,130","1,030",401,62
1999,Glasgow City,"6,830",3,738,"1,294","1,912","1,874",863,146
1999,Highland,"2,223",6,199,400,635,627,292,64
1999,Inverclyde,947,1,121,157,269,277,103,19
1999,Midlothian,962,1,90,157,292,294,119,9
1999,Moray,973,0,61,160,362,284,93,13
1999,Na h Eileanan Siar,265,1,15,32,87,85,37,8
1999,North Ayrshire,"1,414",0,154,274,409,389,163,25
1999,North Lanarkshire,"3,859",2,353,710,"1,205","1,142",388,59
1999,Orkney Islands,188,0,13,36,59,58,17,5
1999,Perth and Kinross,"1,372",8,103,205,359,474,188,35
1999,Renfrewshire,"1,980",0,168,324,596,602,251,39
1999,Scottish Borders,"1,054",1,59,139,321,368,141,25
1999,Shetland Islands,284,0,12,42,102,85,33,10
1999,South Ayrshire,"1,036",0,93,186,282,316,136,23
1999,South Lanarkshire,"3,342",2,262,554,"1,006","1,013",435,70
1999,Stirling,882,1,62,135,238,268,161,17
1999,West Dunbartonshire,"1,051",0,104,193,307,314,124,9
1999,West Lothian,"1,996",0,184,360,614,604,204,30
2000,Scotland,"53,076",49,"4,599","8,962","14,676","16,233","7,395","1,162"
2000,Aberdeen City,"2,088",0,169,336,585,659,297,42
2000,Aberdeenshire,"2,320",3,124,324,761,749,321,38
2000,Angus,"1,049",1,101,183,306,310,126,22
2000,Argyll and Bute,792,1,51,128,244,208,131,29
2000,City of Edinburgh,"4,643",0,355,611,"1,051","1,551",904,171
2000,Clackmannanshire,490,0,61,97,127,139,55,11
2000,Dumfries and Galloway,"1,369",0,151,236,393,391,168,30
2000,Dundee City,"1,462",1,186,329,419,330,168,29
2000,East Ayrshire,"1,228",2,143,253,379,305,136,10
2000,East Dunbartonshire,972,0,49,89,219,375,206,34
2000,East Lothian,"1,013",0,65,133,294,337,157,27
2000,East Renfrewshire,931,0,35,81,221,378,191,25
2000,Falkirk,"1,555",0,121,293,457,495,157,32
2000,Fife,"3,498",26,363,698,971,997,384,59
2000,Glasgow City,"6,578",4,705,"1,286","1,707","1,828",924,124
2000,Highland,"2,153",0,177,390,576,627,322,61
2000,Inverclyde,863,0,95,155,229,244,122,18
2000,Midlothian,924,0,73,153,276,296,108,18
2000,Moray,912,0,65,163,296,260,104,24
2000,Na h Eileanan Siar,228,1,11,29,69,70,38,10
2000,North Ayrshire,"1,393",1,142,263,399,406,158,24
2000,North Lanarkshire,"3,832",2,350,746,"1,146","1,126",403,59
2000,Orkney Islands,152,1,6,19,52,46,22,6
2000,Perth and Kinross,"1,335",2,83,218,322,448,224,38
2000,Renfrewshire,"2,007",1,195,292,518,688,278,35
2000,Scottish Borders,"1,068",0,61,151,298,372,165,21
2000,Shetland Islands,226,1,16,34,75,55,37,8
2000,South Ayrshire,"1,050",0,77,179,304,316,149,25
2000,South Lanarkshire,"3,162",1,236,491,937,"1,015",426,56
2000,Stirling,876,1,67,111,222,292,158,25
2000,West Dunbartonshire,"1,008",0,96,175,295,297,126,19
2000,West Lothian,"1,899",0,170,316,528,623,230,32
2001,Scotland,"52,527",28,"4,444","9,121","13,763","16,206","7,701","1,264"
2001,Aberdeen City,"2,097",0,172,346,558,668,309,44
2001,Aberdeenshire,"2,247",2,77,308,693,754,361,52
2001,Angus,"1,103",0,88,205,311,330,144,25
2001,Argyll and Bute,780,0,51,111,211,262,120,25
2001,City of Edinburgh,"4,489",1,317,635,989,"1,543",849,155
2001,Clackmannanshire,529,0,52,111,152,134,71,9
2001,Dumfries and Galloway,"1,283",0,147,235,357,361,149,34
2001,Dundee City,"1,468",0,196,335,395,325,184,33
2001,East Ayrshire,"1,198",0,118,229,322,360,150,19
2001,East Dunbartonshire,983,0,36,71,232,377,236,31
2001,East Lothian,940,0,71,128,239,298,176,28
2001,East Renfrewshire,954,0,26,82,212,404,199,31
2001,Falkirk,"1,448",1,117,253,427,429,196,25
2001,Fife,"3,642",6,347,757,980,"1,047",436,69
2001,Glasgow City,"6,645",2,683,"1,360","1,633","1,864",943,160
2001,Highland,"2,131",2,181,382,573,613,309,71
2001,Inverclyde,850,1,84,157,211,259,123,15
2001,Midlothian,922,1,78,144,246,286,153,14
2001,Moray,869,0,59,147,287,247,112,17
2001,Na h Eileanan Siar,226,0,9,37,57,81,35,7
2001,North Ayrshire,"1,421",0,155,327,361,392,162,24
2001,North Lanarkshire,"3,676",0,388,717,966,"1,112",424,69
2001,Orkney Islands,174,0,6,21,52,65,25,5
2001,Perth and Kinross,"1,334",5,81,184,353,480,197,34
2001,Renfrewshire,"1,796",0,161,304,443,576,263,49
2001,Scottish Borders,"1,066",0,73,144,256,375,180,38
2001,Shetland Islands,247,0,18,50,63,75,37,4
2001,South Ayrshire,"1,056",0,100,170,268,325,165,28
2001,South Lanarkshire,"3,161",1,225,519,864,"1,031",456,65
2001,Stirling,840,6,48,122,197,293,148,26
2001,West Dunbartonshire,972,0,110,182,255,263,143,19
2001,West Lothian,"1,980",0,170,348,600,577,246,39
2002,Scotland,"51,270",35,"4,195","9,267","12,694","16,038","7,727","1,314"
2002,Aberdeen City,"2,098",0,178,380,514,666,320,40
2002,Aberdeenshire,"2,326",5,104,329,673,806,347,62
2002,Angus,"1,014",0,73,175,274,326,149,17
2002,Argyll and Bute,755,1,46,124,193,237,129,25
2002,City of Edinburgh,"4,477",0,277,629,970,"1,550",881,170
2002,Clackmannanshire,480,0,55,109,125,114,67,10
2002,Dumfries and Galloway,"1,343",0,118,281,330,402,187,25
2002,Dundee City,"1,436",0,191,352,362,332,168,31
2002,East Ayrshire,"1,157",0,113,223,314,339,149,19
2002,East Dunbartonshire,942,1,38,85,174,377,232,35
2002,East Lothian,910,0,59,133,210,312,164,32
2002,East Renfrewshire,916,0,30,68,176,391,216,35
2002,Falkirk,"1,507",2,126,266,420,472,184,37
2002,Fife,"3,536",0,332,726,895,"1,010",490,83
2002,Glasgow City,"6,386",3,599,"1,385","1,532","1,789",897,181
2002,Highland,"1,977",1,170,365,496,543,340,62
2002,Inverclyde,787,0,90,141,201,232,110,13
2002,Midlothian,863,0,78,146,213,283,123,20
2002,Moray,876,0,63,150,277,264,106,16
2002,Na h Eileanan Siar,242,0,12,34,60,100,31,5
2002,North Ayrshire,"1,379",1,160,318,348,348,178,26
2002,North Lanarkshire,"3,664",0,319,733,970,"1,164",424,54
2002,Orkney Islands,164,0,12,32,43,51,21,5
2002,Perth and Kinross,"1,245",1,77,175,314,426,215,37
2002,Renfrewshire,"1,797",0,156,301,408,613,271,48
2002,Scottish Borders,"1,021",7,56,149,235,353,182,39
2002,Shetland Islands,209,0,11,40,59,56,33,10
2002,South Ayrshire,955,0,86,172,228,303,142,24
2002,South Lanarkshire,"3,076",6,224,553,780,"1,013",430,70
2002,Stirling,833,1,58,119,185,281,164,25
2002,West Dunbartonshire,939,0,116,208,216,256,118,25
2002,West Lothian,"1,960",6,168,366,499,629,259,33
2003,Scotland,"52,432",60,"4,155","9,626","12,725","16,085","8,310","1,471"
2003,Aberdeen City,"2,003",0,175,364,491,646,281,46
2003,Aberdeenshire,"2,368",2,110,345,657,840,348,66
2003,Angus,"1,089",0,84,207,278,348,139,33
2003,Argyll and Bute,732,0,47,115,190,230,127,23
2003,City of Edinburgh,"4,577",2,280,655,916,"1,591",947,186
2003,Clackmannanshire,468,0,54,105,110,127,68,4
2003,Dumfries and Galloway,"1,307",7,112,284,323,370,185,26
2003,Dundee City,"1,548",1,190,379,422,355,174,27
2003,East Ayrshire,"1,236",0,125,260,310,349,168,24
2003,East Dunbartonshire,948,0,42,85,192,359,228,42
2003,East Lothian,953,0,51,121,234,325,184,38
2003,East Renfrewshire,883,1,30,83,159,353,218,39
2003,Falkirk,"1,595",0,118,290,440,479,237,31
2003,Fife,"3,642",8,318,774,921,"1,057",490,74
2003,Glasgow City,"6,573",6,610,"1,414","1,603","1,720","1,037",183
2003,Highland,"2,085",1,155,404,501,589,363,72
2003,Inverclyde,830,0,105,197,170,219,120,19
2003,Midlothian,847,0,72,159,210,260,116,30
2003,Moray,824,0,67,149,238,235,103,32
2003,Na h Eileanan Siar,255,0,9,33,59,73,69,12
2003,North Ayrshire,"1,382",1,122,340,369,355,170,25
2003,North Lanarkshire,"3,771",4,342,760,944,"1,153",479,89
2003,Orkney Islands,171,0,12,26,50,50,27,6
2003,Perth and Kinross,"1,292",5,71,225,283,429,233,46
2003,Renfrewshire,"1,785",0,148,301,396,588,311,41
2003,Scottish Borders,"1,048",3,71,157,228,323,227,39
2003,Shetland Islands,251,1,10,40,67,76,45,12
2003,South Ayrshire,984,3,87,156,264,294,159,21
2003,South Lanarkshire,"3,092",13,224,494,743,"1,047",490,81
2003,Stirling,866,0,42,129,186,322,159,28
2003,West Dunbartonshire,984,2,96,203,237,270,152,24
2003,West Lothian,"2,043",0,176,372,534,653,256,52
2004,Scotland,"53,957",26,"4,172","9,950","13,131","16,085","8,912","1,681"
2004,Aberdeen City,"2,075",1,133,402,480,671,330,58
2004,Aberdeenshire,"2,388",1,101,307,679,821,409,70
2004,Angus,"1,071",0,102,192,281,326,146,24
2004,Argyll and Bute,807,2,50,143,198,239,155,20
2004,City of Edinburgh,"4,568",0,282,679,910,"1,525",955,217
2004,Clackmannanshire,501,0,45,97,128,143,71,17
2004,Dumfries and Galloway,"1,431",0,124,299,376,375,219,38
2004,Dundee City,"1,539",0,204,392,389,352,162,40
2004,East Ayrshire,"1,271",0,139,275,311,346,172,28
2004,East Dunbartonshire,889,0,40,92,178,309,230,40
2004,East Lothian,950,0,53,143,199,326,196,33
2004,East Renfrewshire,941,0,25,74,199,347,248,48
2004,Falkirk,"1,735",0,139,319,457,543,245,32
2004,Fife,"3,735",1,336,790,974,"1,024",530,80
2004,Glasgow City,"6,612",3,622,"1,413","1,612","1,719","1,025",218
2004,Highland,"2,175",0,140,417,506,640,387,85
2004,Inverclyde,898,0,92,195,209,256,121,25
2004,Midlothian,881,0,72,150,227,272,136,24
2004,Moray,854,0,55,171,246,235,124,23
2004,Na h Eileanan Siar,223,3,10,21,56,73,50,10
2004,North Ayrshire,"1,406",0,137,336,363,350,187,33
2004,North Lanarkshire,"4,005",0,332,831,"1,009","1,171",556,106
2004,Orkney Islands,171,0,14,36,44,42,25,10
2004,Perth and Kinross,"1,285",1,72,172,295,456,235,54
2004,Renfrewshire,"1,885",0,149,340,443,559,337,57
2004,Scottish Borders,"1,052",0,58,150,237,366,187,54
2004,Shetland Islands,230,0,9,36,73,72,32,8
2004,South Ayrshire,"1,030",3,86,188,244,284,192,33
2004,South Lanarkshire,"3,358",2,235,558,866,"1,026",576,95
2004,Stirling,934,0,52,122,198,337,196,29
2004,West Dunbartonshire,999,9,92,224,239,253,157,25
2004,West Lothian,"2,058",0,172,386,505,627,321,47
2005,Scotland,"54,386",77,"4,171","10,008","13,229","15,962","9,179","1,760"
2005,Aberdeen City,"2,061",1,157,360,508,640,334,61
2005,Aberdeenshire,"2,465",1,92,314,656,867,443,92
2005,Angus,"1,095",2,89,240,266,304,163,31
2005,Argyll and Bute,773,4,47,120,173,225,172,32
2005,City of Edinburgh,"4,691",5,298,668,982,"1,531",985,222
2005,Clackmannanshire,528,0,46,133,133,124,80,12
2005,Dumfries and Galloway,"1,407",0,144,332,315,381,191,44
2005,Dundee City,"1,545",17,190,379,411,329,188,31
2005,East Ayrshire,"1,258",1,131,273,291,339,180,43
2005,East Dunbartonshire,930,0,34,98,175,340,230,53
2005,East Lothian,"1,054",1,73,153,207,358,225,37
2005,East Renfrewshire,898,4,34,67,170,331,249,43
2005,Falkirk,"1,738",0,122,318,459,532,269,38
2005,Fife,"3,831",1,311,812,962,"1,100",568,77
2005,Glasgow City,"6,833",1,625,"1,419","1,729","1,772","1,063",224
2005,Highland,"2,233",3,170,403,577,591,383,106
2005,Inverclyde,902,0,89,225,194,242,127,25
2005,Midlothian,867,1,62,152,193,299,139,21
2005,Moray,878,1,69,183,230,244,125,26
2005,Na h Eileanan Siar,233,1,10,29,62,66,57,8
2005,North Ayrshire,"1,379",0,131,310,360,357,177,44
2005,North Lanarkshire,"3,834",0,323,759,"1,033","1,093",538,88
2005,Orkney Islands,180,0,14,30,45,53,31,7
2005,Perth and Kinross,"1,347",2,87,191,301,447,277,42
2005,Renfrewshire,"1,869",0,139,360,456,539,320,55
2005,Scottish Borders,"1,047",0,64,180,239,326,195,43
2005,Shetland Islands,227,0,14,50,54,67,34,8
2005,South Ayrshire,976,8,99,164,220,277,167,41
2005,South Lanarkshire,"3,322",2,211,565,867,997,598,82
2005,Stirling,873,0,50,123,169,310,187,34
2005,West Dunbartonshire,"1,000",2,105,230,250,236,149,28
2005,West Lothian,"2,112",19,141,368,542,645,335,62
2006,Scotland,"55,690",39,"4,130","10,399","13,876","15,878","9,535","1,833"
2006,Aberdeen City,"2,200",5,148,408,565,638,369,67
2006,Aberdeenshire,"2,589",0,99,350,698,879,486,77
2006,Angus,"1,110",0,91,203,290,329,167,30
2006,Argyll and Bute,781,0,49,138,160,228,169,37
2006,City of Edinburgh,"4,894",2,266,703,"1,031","1,605","1,067",220
2006,Clackmannanshire,546,0,49,125,141,131,80,20
2006,Dumfries and Galloway,"1,471",0,138,330,361,395,207,40
2006,Dundee City,"1,567",0,202,411,389,353,171,41
2006,East Ayrshire,"1,316",0,120,280,377,364,153,22
2006,East Dunbartonshire,922,0,40,87,201,303,252,39
2006,East Lothian,"1,056",0,82,146,225,323,227,53
2006,East Renfrewshire,858,2,27,81,171,296,238,43
2006,Falkirk,"1,757",0,137,315,448,546,265,46
2006,Fife,"3,999",2,343,843,"1,054","1,064",599,94
2006,Glasgow City,"6,617",1,585,"1,434","1,646","1,653","1,074",224
2006,Highland,"2,159",5,144,403,543,611,359,94
2006,Inverclyde,846,0,81,182,204,231,123,25
2006,Midlothian,887,0,58,145,239,265,149,31
2006,Moray,899,0,68,175,268,231,123,34
2006,Na h Eileanan Siar,274,1,19,30,69,75,68,12
2006,North Ayrshire,"1,501",0,154,329,377,394,214,33
2006,North Lanarkshire,"4,001",1,303,867,"1,068","1,086",571,105
2006,Orkney Islands,213,0,8,40,57,72,32,4
2006,Perth and Kinross,"1,331",2,72,232,315,389,263,58
2006,Renfrewshire,"1,838",1,139,321,464,503,342,68
2006,Scottish Borders,"1,111",0,73,172,239,331,242,54
2006,Shetland Islands,268,0,16,40,81,72,49,10
2006,South Ayrshire,"1,012",3,93,205,234,285,152,40
2006,South Lanarkshire,"3,524",3,223,580,932,"1,071",612,103
2006,Stirling,908,0,52,136,218,267,201,34
2006,West Dunbartonshire,"1,044",6,105,278,236,243,152,24
2006,West Lothian,"2,191",5,146,410,575,645,359,51
2007,Scotland,"57,781",57,"4,304","10,913","14,918","15,622","10,035","1,932"
2007,Aberdeen City,"2,417",0,171,458,640,719,362,67
2007,Aberdeenshire,"2,690",3,121,367,757,832,514,96
2007,Angus,"1,152",0,81,219,336,307,178,31
2007,Argyll and Bute,741,1,52,133,180,197,148,30
2007,City of Edinburgh,"5,056",19,281,752,"1,099","1,563","1,101",241
2007,Clackmannanshire,634,0,57,122,174,172,87,22
2007,Dumfries and Galloway,"1,507",3,140,320,398,360,231,55
2007,Dundee City,"1,668",0,180,436,488,339,187,38
2007,East Ayrshire,"1,304",1,132,307,306,342,187,29
2007,East Dunbartonshire,892,1,32,86,193,311,235,34
2007,East Lothian,"1,101",0,68,168,217,329,270,49
2007,East Renfrewshire,893,6,32,83,202,297,229,44
2007,Falkirk,"1,892",0,152,365,470,524,337,44
2007,Fife,"4,076",1,314,850,"1,149","1,038",608,116
2007,Glasgow City,"7,154",1,594,"1,597","1,892","1,744","1,104",222
2007,Highland,"2,332",0,172,431,630,588,419,92
2007,Inverclyde,857,0,67,194,213,228,124,31
2007,Midlothian,937,0,64,165,245,243,179,41
2007,Moray,"1,001",0,77,207,272,237,175,33
2007,Na h Eileanan Siar,263,1,11,40,65,83,55,8
2007,North Ayrshire,"1,528",0,169,338,403,352,222,44
2007,North Lanarkshire,"4,045",3,376,830,"1,141","1,014",584,97
2007,Orkney Islands,190,0,15,19,46,65,36,9
2007,Perth and Kinross,"1,391",4,83,239,327,400,286,52
2007,Renfrewshire,"1,898",0,139,371,486,508,322,72
2007,Scottish Borders,"1,170",2,78,190,283,332,236,49
2007,Shetland Islands,244,1,11,27,66,77,54,8
2007,South Ayrshire,"1,029",1,93,200,256,280,178,21
2007,South Lanarkshire,"3,452",6,220,597,895,998,628,108
2007,Stirling,878,2,42,136,196,261,202,39
2007,West Dunbartonshire,"1,105",0,100,252,306,259,155,33
2007,West Lothian,"2,284",1,180,414,587,623,402,77
2008,Scotland,"60,041",26,"4,279","11,373","16,171","16,028","10,025","2,139"
2008,Aberdeen City,"2,596",0,131,517,772,720,377,79
2008,Aberdeenshire,"2,771",0,111,377,759,874,534,116
2008,Angus,"1,194",0,88,209,335,332,197,33
2008,Argyll and Bute,807,0,60,155,185,209,156,42
2008,City of Edinburgh,"5,440",2,288,789,"1,248","1,676","1,180",257
2008,Clackmannanshire,644,1,62,149,162,185,71,14
2008,Dumfries and Galloway,"1,430",0,123,310,423,332,206,36
2008,Dundee City,"1,801",0,212,463,501,385,200,40
2008,East Ayrshire,"1,371",0,128,321,388,315,187,32
2008,East Dunbartonshire,970,0,48,97,212,345,228,40
2008,East Lothian,"1,182",0,73,182,260,344,257,66
2008,East Renfrewshire,868,0,41,86,174,295,224,48
2008,Falkirk,"1,949",3,153,367,541,528,298,59
2008,Fife,"4,349",1,373,885,"1,235","1,092",615,148
2008,Glasgow City,"7,371",2,555,"1,605","2,143","1,745","1,070",251
2008,Highland,"2,482",1,175,483,683,618,409,113
2008,Inverclyde,860,0,91,181,234,209,123,22
2008,Midlothian,938,0,60,194,250,241,163,30
2008,Moray,956,0,53,203,256,259,157,28
2008,Na h Eileanan Siar,257,4,20,35,58,73,55,12
2008,North Ayrshire,"1,481",0,143,324,427,343,199,45
2008,North Lanarkshire,"4,182",0,321,885,"1,156","1,095",599,126
2008,Orkney Islands,214,0,15,41,57,48,42,11
2008,Perth and Kinross,"1,443",1,96,244,383,392,267,60
2008,Renfrewshire,"2,012",0,143,381,531,527,355,75
2008,Scottish Borders,"1,138",1,61,179,278,331,240,48
2008,Shetland Islands,278,0,12,45,66,95,54,6
2008,South Ayrshire,"1,067",2,96,201,274,261,197,36
2008,South Lanarkshire,"3,689",7,246,670,"1,027",992,630,117
2008,Stirling,862,0,39,114,199,253,217,40
2008,West Dunbartonshire,"1,104",0,111,238,333,259,133,30
2008,West Lothian,"2,335",1,151,443,621,655,385,79
2009,Scotland,"59,046",20,"3,990","11,188","16,178","15,835","9,695","2,140"
2009,Aberdeen City,"2,564",0,133,442,754,764,415,56
2009,Aberdeenshire,"2,903",0,118,382,814,916,551,122
2009,Angus,"1,165",0,84,228,337,303,172,41
2009,Argyll and Bute,815,1,54,145,206,214,153,42
2009,City of Edinburgh,"5,475",1,254,753,"1,286","1,732","1,211",238
2009,Clackmannanshire,610,0,71,136,164,134,88,17
2009,Dumfries and Galloway,"1,507",1,133,347,430,330,208,58
2009,Dundee City,"1,768",0,173,453,530,367,194,51
2009,East Ayrshire,"1,362",0,118,328,371,336,176,33
2009,East Dunbartonshire,929,0,47,110,207,300,211,54
2009,East Lothian,"1,062",0,74,176,244,282,228,58
2009,East Renfrewshire,848,2,18,94,176,289,219,50
2009,Falkirk,"1,874",0,130,355,511,493,317,68
2009,Fife,"4,135",4,346,866,"1,191","1,052",550,126
2009,Glasgow City,"7,512",1,517,"1,574","2,155","1,928","1,065",272
2009,Highland,"2,374",0,170,457,682,581,385,99
2009,Inverclyde,813,1,60,191,208,206,117,30
2009,Midlothian,947,0,61,171,256,257,169,33
2009,Moray,966,0,79,187,260,250,157,33
2009,Na h Eileanan Siar,227,0,14,38,60,59,41,15
2009,North Ayrshire,"1,498",0,160,350,415,346,186,41
2009,North Lanarkshire,"4,067",0,315,870,"1,185","1,012",569,116
2009,Orkney Islands,199,0,7,44,55,49,36,8
2009,Perth and Kinross,"1,425",0,89,265,405,344,267,55
2009,Renfrewshire,"1,869",0,129,335,536,510,301,58
2009,Scottish Borders,"1,159",2,78,194,304,303,223,55
2009,Shetland Islands,273,0,7,51,76,89,42,8
2009,South Ayrshire,"1,054",2,91,232,251,278,164,36
2009,South Lanarkshire,"3,467",4,200,589,973,"1,005",563,133
2009,Stirling,863,0,42,151,174,245,211,40
2009,West Dunbartonshire,"1,082",0,89,232,320,252,159,30
2009,West Lothian,"2,234",1,129,442,642,609,347,64
2010,Scotland,"58,791",21,"3,755","10,660","16,152","16,426","9,599","2,178"
2010,Aberdeen City,"2,599",1,126,463,761,798,379,71
2010,Aberdeenshire,"2,727",0,96,389,759,868,500,115
2010,Angus,"1,096",0,73,194,324,313,154,38
2010,Argyll and Bute,763,0,47,142,207,190,136,41
2010,City of Edinburgh,"5,552",6,233,709,"1,261","1,880","1,171",292
2010,Clackmannanshire,620,0,48,118,184,172,79,19
2010,Dumfries and Galloway,"1,445",0,106,326,444,338,188,43
2010,Dundee City,"1,745",0,172,408,542,391,193,39
2010,East Ayrshire,"1,334",0,103,278,410,331,173,39
2010,East Dunbartonshire,924,0,39,114,178,316,230,47
2010,East Lothian,"1,123",1,80,173,288,305,218,58
2010,East Renfrewshire,872,1,24,80,189,296,227,55
2010,Falkirk,"1,874",0,130,314,549,528,304,49
2010,Fife,"4,172",0,349,842,"1,124","1,102",634,121
2010,Glasgow City,"7,565",2,455,"1,519","2,228","2,024","1,071",266
2010,Highland,"2,467",3,176,439,676,657,394,122
2010,Inverclyde,791,0,65,176,199,225,102,24
2010,Midlothian,994,0,80,205,252,265,163,29
2010,Moray,928,0,75,155,294,227,146,31
2010,Na h Eileanan Siar,235,2,14,36,38,78,55,12
2010,North Ayrshire,"1,450",0,156,295,422,329,200,48
2010,North Lanarkshire,"3,929",0,294,777,"1,154","1,014",556,134
2010,Orkney Islands,197,0,10,32,54,60,29,12
2010,Perth and Kinross,"1,466",1,76,266,400,381,287,55
2010,Renfrewshire,"1,995",0,133,372,576,512,342,60
2010,Scottish Borders,"1,161",0,63,217,279,317,235,50
2010,Shetland Islands,266,0,14,49,62,87,48,6
2010,South Ayrshire,"1,035",3,81,218,289,266,144,34
2010,South Lanarkshire,"3,418",0,168,574,962,"1,023",567,124
2010,Stirling,836,0,50,140,204,219,185,38
2010,West Dunbartonshire,"1,044",0,96,212,298,278,129,31
2010,West Lothian,"2,168",1,123,428,545,636,360,75
2011,Scotland,"58,590",46,"3,387","10,619","15,879","16,868","9,513","2,278"
2011,Aberdeen City,"2,608",0,130,410,788,787,409,84
2011,Aberdeenshire,"2,695",1,86,382,697,958,462,109
2011,Angus,"1,155",0,80,223,336,295,181,40
2011,Argyll and Bute,745,3,47,136,179,214,133,33
2011,City of Edinburgh,"5,560",5,177,743,"1,260","1,891","1,189",295
2011,Clackmannanshire,564,0,44,131,152,146,76,15
2011,Dumfries and Galloway,"1,396",1,91,308,415,339,196,46
2011,Dundee City,"1,765",0,130,407,537,429,214,48
2011,East Ayrshire,"1,362",2,104,314,395,331,168,48
2011,East Dunbartonshire,924,0,37,107,177,321,223,59
2011,East Lothian,"1,126",2,69,205,264,316,224,46
2011,East Renfrewshire,807,1,19,84,163,287,200,53
2011,Falkirk,"1,757",1,102,297,483,506,299,69
2011,Fife,"4,268",1,313,880,"1,244","1,116",598,116
2011,Glasgow City,"7,631",5,447,"1,464","2,146","2,159","1,117",293
2011,Highland,"2,345",10,163,391,631,650,391,109
2011,Inverclyde,814,3,48,158,238,226,106,35
2011,Midlothian,979,1,70,200,267,267,142,32
2011,Moray,973,0,52,195,285,254,150,37
2011,Na h Eileanan Siar,235,1,13,41,60,62,44,14
2011,North Ayrshire,"1,452",0,144,322,390,350,203,43
2011,North Lanarkshire,"3,993",1,256,769,"1,146","1,140",563,118
2011,Orkney Islands,205,0,7,37,64,56,31,10
2011,Perth and Kinross,"1,447",1,78,248,396,407,254,63
2011,Renfrewshire,"1,828",1,105,353,477,536,276,80
2011,Scottish Borders,"1,108",1,63,197,302,302,187,56
2011,Shetland Islands,242,0,14,39,62,78,40,9
2011,South Ayrshire,"1,073",1,77,219,272,281,173,50
2011,South Lanarkshire,"3,502",4,175,565,939,"1,069",614,136
2011,Stirling,833,0,47,103,196,269,179,39
2011,West Dunbartonshire,"1,064",0,78,240,329,252,137,28
2011,West Lothian,"2,134",0,121,451,589,574,334,65
2012,Scotland,"58,027",45,"3,074","10,272","16,028","17,262","9,147","2,199"
2012,Aberdeen City,"2,688",0,121,410,798,843,421,95
2012,Aberdeenshire,"2,867",0,105,388,832,981,465,96
2012,Angus,"1,156",0,64,214,316,355,157,50
2012,Argyll and Bute,765,0,35,138,203,217,127,45
2012,City of Edinburgh,"5,606",5,178,684,"1,318","1,919","1,222",280
2012,Clackmannanshire,627,0,51,145,172,171,70,18
2012,Dumfries and Galloway,"1,390",2,92,314,425,346,174,37
2012,Dundee City,"1,718",0,116,397,525,420,210,50
2012,East Ayrshire,"1,358",0,114,300,402,325,186,31
2012,East Dunbartonshire,894,0,28,96,193,328,202,47
2012,East Lothian,"1,079",0,65,190,292,296,189,47
2012,East Renfrewshire,881,1,20,73,174,341,216,56
2012,Falkirk,"1,806",2,106,315,488,527,299,69
2012,Fife,"4,019",2,270,817,"1,163","1,076",571,120
2012,Glasgow City,"7,543",7,366,"1,374","2,164","2,234","1,100",298
2012,Highland,"2,380",8,142,428,675,636,385,106
2012,Inverclyde,766,0,49,146,232,214,104,21
2012,Midlothian,"1,060",0,69,208,277,299,171,36
2012,Moray,915,0,61,193,288,233,113,27
2012,Na h Eileanan Siar,237,0,14,33,51,77,55,7
2012,North Ayrshire,"1,346",0,88,309,373,370,168,38
2012,North Lanarkshire,"3,740",1,226,744,"1,095","1,089",476,109
2012,Orkney Islands,201,0,9,33,56,54,36,13
2012,Perth and Kinross,"1,277",0,62,220,359,375,202,59
2012,Renfrewshire,"1,960",1,92,320,568,629,273,77
2012,Scottish Borders,"1,140",0,67,202,303,339,174,55
2012,Shetland Islands,276,0,9,45,78,86,49,9
2012,South Ayrshire,997,3,56,215,261,266,161,35
2012,South Lanarkshire,"3,375",13,183,582,840,"1,113",510,134
2012,Stirling,821,0,36,125,202,254,161,43
2012,West Dunbartonshire,"1,054",0,67,205,315,291,155,21
2012,West Lothian,"2,085",0,113,409,590,558,345,70
2013,Scotland,"56,014",17,"2,763","9,767","15,228","17,032","8,973","2,234"
2013,Aberdeen City,"2,500",0,104,380,714,849,375,78
2013,Aberdeenshire,"2,697",1,106,373,727,914,473,103
2013,Angus,"1,111",0,57,221,301,317,159,56
2013,Argyll and Bute,709,1,48,137,186,187,111,39
2013,City of Edinburgh,"5,486",1,165,625,"1,240","1,962","1,224",269
2013,Clackmannanshire,550,0,47,121,155,143,65,19
2013,Dumfries and Galloway,"1,327",0,86,276,405,339,172,49
2013,Dundee City,"1,590",0,104,349,490,410,195,42
2013,East Ayrshire,"1,342",0,84,296,383,357,185,37
2013,East Dunbartonshire,925,0,22,81,202,329,232,59
2013,East Lothian,"1,057",1,52,182,255,308,199,60
2013,East Renfrewshire,880,1,21,71,167,354,211,55
2013,Falkirk,"1,668",3,81,328,424,500,272,60
2013,Fife,"3,872",3,240,777,"1,093","1,108",530,121
2013,Glasgow City,"7,254",1,322,"1,290","2,101","2,150","1,119",271
2013,Highland,"2,233",3,118,418,581,654,349,110
2013,Inverclyde,754,0,48,143,221,222,94,26
2013,Midlothian,"1,016",0,48,210,242,307,176,33
2013,Moray,956,0,51,194,304,243,131,33
2013,Na h Eileanan Siar,246,0,14,47,64,68,40,13
2013,North Ayrshire,"1,307",0,98,287,380,315,172,55
2013,North Lanarkshire,"3,738",0,215,728,"1,087","1,102",495,111
2013,Orkney Islands,201,0,3,32,71,58,29,8
2013,Perth and Kinross,"1,320",0,74,208,354,410,227,47
2013,Renfrewshire,"1,791",0,91,315,462,565,294,64
2013,Scottish Borders,"1,138",0,43,201,302,351,193,48
2013,Shetland Islands,261,0,9,41,87,61,50,13
2013,South Ayrshire,998,1,54,207,261,287,136,52
2013,South Lanarkshire,"3,272",0,159,546,909,"1,039",492,127
2013,Stirling,807,0,41,122,196,242,153,53
2013,West Dunbartonshire,979,0,60,184,297,279,139,20
2013,West Lothian,"2,029",1,98,377,567,602,281,103
2014,Scotland,"56,725",60,"2,446","9,273","15,731","17,647","9,345","2,223"
2014,Aberdeen City,"2,565",0,76,363,745,863,425,93
2014,Aberdeenshire,"2,836",0,68,341,794,"1,007",521,105
2014,Angus,"1,146",0,45,225,338,340,164,34
2014,Argyll and Bute,727,1,30,148,214,188,114,32
2014,City of Edinburgh,"5,554",2,151,574,"1,243","1,978","1,287",319
2014,Clackmannanshire,557,0,46,130,141,136,86,18
2014,Dumfries and Galloway,"1,286",0,76,275,368,343,176,48
2014,Dundee City,"1,715",0,99,336,561,461,213,45
2014,East Ayrshire,"1,254",0,67,272,389,322,156,48
2014,East Dunbartonshire,927,0,19,73,196,368,228,43
2014,East Lothian,"1,012",2,47,167,267,320,169,40
2014,East Renfrewshire,853,0,7,60,184,333,215,54
2014,Falkirk,"1,716",0,78,328,490,505,266,49
2014,Fife,"3,889",0,239,761,"1,109","1,113",531,136
2014,Glasgow City,"7,465",21,305,"1,223","2,152","2,308","1,166",290
2014,Highland,"2,310",0,118,411,634,669,390,88
2014,Inverclyde,744,0,27,128,221,231,119,18
2014,Midlothian,"1,033",0,55,192,290,297,160,39
2014,Moray,931,0,47,192,284,254,116,38
2014,Na h Eileanan Siar,226,0,7,26,63,67,46,17
2014,North Ayrshire,"1,284",0,71,298,363,319,186,47
2014,North Lanarkshire,"3,719",0,183,643,"1,105","1,134",549,105
2014,Orkney Islands,181,0,6,28,55,57,31,4
2014,Perth and Kinross,"1,357",0,48,221,389,417,221,61
2014,Renfrewshire,"1,813",1,66,264,516,592,297,77
2014,Scottish Borders,"1,081",0,52,178,310,340,146,55
2014,Shetland Islands,253,0,9,35,68,78,55,8
2014,South Ayrshire,"1,033",0,57,184,274,301,173,44
2014,South Lanarkshire,"3,402",32,143,516,948,"1,118",525,120
2014,Stirling,841,0,37,122,192,259,187,44
2014,West Dunbartonshire,986,0,66,196,276,293,135,20
2014,West Lothian,"2,029",1,101,363,552,636,292,84
2015,Scotland,"55,098",8,"2,126","8,643","15,315","17,453","9,454","2,099"
2015,Aberdeen City,"2,609",0,77,343,736,896,467,90
2015,Aberdeenshire,"2,891",0,56,346,835,"1,030",514,110
2015,Angus,"1,065",0,36,189,308,342,148,42
2015,Argyll and Bute,688,2,24,114,198,206,114,30
2015,City of Edinburgh,"5,274",1,120,515,"1,205","1,921","1,253",259
2015,Clackmannanshire,553,0,28,110,168,147,86,14
2015,Dumfries and Galloway,"1,256",1,46,252,421,340,162,34
2015,Dundee City,"1,555",0,92,300,477,445,202,39
2015,East Ayrshire,"1,327",0,63,261,415,370,180,38
2015,East Dunbartonshire,971,0,19,86,201,382,232,51
2015,East Lothian,"1,061",1,47,155,285,333,195,45
2015,East Renfrewshire,871,0,11,54,151,333,264,58
2015,Falkirk,"1,594",0,68,264,478,462,263,59
2015,Fife,"3,755",1,195,717,"1,103","1,058",558,123
2015,Glasgow City,"7,086",1,265,"1,070","1,981","2,244","1,212",313
2015,Highland,"2,220",0,85,425,621,636,367,86
2015,Inverclyde,711,0,31,144,202,198,102,34
2015,Midlothian,"1,082",0,58,175,305,309,200,35
2015,Moray,905,0,43,171,304,260,101,26
2015,Na h Eileanan Siar,222,0,12,34,57,65,42,12
2015,North Ayrshire,"1,255",0,73,246,363,352,188,33
2015,North Lanarkshire,"3,716",1,183,668,"1,088","1,099",552,125
2015,Orkney Islands,191,0,3,26,54,62,34,12
2015,Perth and Kinross,"1,357",0,46,207,336,471,241,56
2015,Renfrewshire,"1,712",0,71,284,477,558,260,62
2015,Scottish Borders,"1,037",0,47,190,291,317,153,39
2015,Shetland Islands,234,0,8,34,70,63,53,6
2015,South Ayrshire,"1,030",0,35,179,298,302,177,39
2015,South Lanarkshire,"3,185",0,123,477,852,"1,073",546,114
2015,Stirling,792,0,35,110,184,268,163,32
2015,West Dunbartonshire,924,0,48,181,262,281,121,31
2015,West Lothian,"1,969",0,78,316,589,630,304,52
2016,Scotland,"54,488",17,"1,974","8,282","14,976","17,490","9,556","2,193"
2016,Aberdeen City,"2,521",0,70,358,665,905,421,102
2016,Aberdeenshire,"2,811",0,67,348,788,987,517,104
2016,Angus,"1,025",0,40,168,299,331,160,27
2016,Argyll and Bute,699,4,27,132,189,202,114,31
2016,City of Edinburgh,"5,300",1,113,500,"1,188","1,932","1,290",276
2016,Clackmannanshire,505,0,25,113,138,143,65,21
2016,Dumfries and Galloway,"1,318",0,76,260,408,370,152,52
2016,Dundee City,"1,576",0,91,308,461,461,217,38
2016,East Ayrshire,"1,275",0,75,266,357,358,183,36
2016,East Dunbartonshire,951,0,22,66,199,374,241,49
2016,East Lothian,"1,041",0,36,139,287,325,205,49
2016,East Renfrewshire,861,1,13,54,160,355,225,53
2016,Falkirk,"1,565",0,66,285,435,492,237,50
2016,Fife,"3,739",1,187,690,"1,110","1,045",577,129
2016,Glasgow City,"6,833",5,212,997,"1,963","2,151","1,217",288
2016,Highland,"2,150",0,82,359,598,625,381,105
2016,Inverclyde,706,0,29,122,192,225,117,21
2016,Midlothian,"1,088",0,48,156,311,331,195,47
2016,Moray,939,1,41,165,300,263,131,38
2016,Na h Eileanan Siar,238,0,9,32,68,69,47,13
2016,North Ayrshire,"1,244",0,60,251,378,348,173,34
2016,North Lanarkshire,"3,511",0,159,568,"1,024","1,055",585,120
2016,Orkney Islands,178,0,5,34,58,48,26,7
2016,Perth and Kinross,"1,325",0,32,202,363,446,221,61
2016,Renfrewshire,"1,773",0,58,250,472,600,326,67
2016,Scottish Borders,"1,005",1,40,155,282,300,177,50
2016,Shetland Islands,266,0,8,34,79,83,48,14
2016,South Ayrshire,976,1,44,172,271,305,140,43
2016,South Lanarkshire,"3,315",1,118,468,888,"1,185",530,125
2016,Stirling,807,0,17,135,183,244,184,44
2016,West Dunbartonshire,958,0,39,166,277,311,132,33
2016,West Lothian,"1,989",1,65,329,585,621,322,66
2017,Scotland,"52,861",1,"1,838","7,720","14,537","16,955","9,745","2,065"
2017,Aberdeen City,"2,402",0,69,311,704,821,420,77
2017,Aberdeenshire,"2,659",0,57,315,784,929,482,92
2017,Angus,"1,054",0,39,176,318,323,167,31
2017,Argyll and Bute,665,0,15,101,205,187,129,28
2017,City of Edinburgh,"5,033",0,113,462,"1,069","1,842","1,240",307
2017,Clackmannanshire,536,0,28,106,168,139,82,13
2017,Dumfries and Galloway,"1,248",0,53,235,382,337,209,32
2017,Dundee City,"1,493",0,96,271,426,454,205,41
2017,East Ayrshire,"1,151",0,50,237,367,304,157,36
2017,East Dunbartonshire,"1,036",0,15,71,186,394,315,55
2017,East Lothian,971,0,36,142,243,316,191,43
2017,East Renfrewshire,886,0,9,44,180,354,242,57
2017,Falkirk,"1,567",0,68,254,460,477,244,64
2017,Fife,"3,465",0,188,625,"1,006",999,537,110
2017,Glasgow City,"6,852",1,234,987,"1,898","2,183","1,276",273
2017,Highland,"2,089",0,76,313,598,652,369,81
2017,Inverclyde,667,0,16,106,184,222,113,26
2017,Midlothian,"1,107",0,35,148,303,370,209,42
2017,Moray,856,0,30,153,268,248,124,33
2017,Na h Eileanan Siar,215,0,6,19,56,70,52,12
2017,North Ayrshire,"1,193",0,74,218,369,317,180,35
2017,North Lanarkshire,"3,558",0,152,586,"1,034","1,102",557,127
2017,Orkney Islands,184,0,3,18,50,71,29,13
2017,Perth and Kinross,"1,210",0,25,191,318,398,230,48
2017,Renfrewshire,"1,794",0,55,241,498,611,328,61
2017,Scottish Borders,989,0,31,141,289,328,157,43
2017,Shetland Islands,218,0,0,29,64,79,35,11
2017,South Ayrshire,937,0,28,157,278,286,155,33
2017,South Lanarkshire,"3,205",0,115,430,852,"1,024",665,119
2017,Stirling,804,0,26,107,190,269,169,43
2017,West Dunbartonshire,891,0,39,179,255,244,146,28
2017,West Lothian,"1,926",0,57,347,535,605,331,51
2018,Scotland,"51,308",2,"1,614","7,187","14,080","16,658","9,614","2,153"
2018,Aberdeen City,"2,337",0,60,321,562,814,474,106
2018,Aberdeenshire,"2,697",0,47,300,788,943,508,111
2018,Angus,964,0,47,138,275,279,192,33
2018,Argyll and Bute,648,0,22,107,189,184,123,23
2018,City of Edinburgh,"4,899",0,114,380,"1,076","1,767","1,267",295
2018,Clackmannanshire,465,0,18,100,134,130,69,14
2018,Dumfries and Galloway,"1,198",0,44,238,363,356,151,46
2018,Dundee City,"1,488",0,72,271,434,450,210,51
2018,East Ayrshire,"1,176",1,53,211,330,370,186,25
2018,East Dunbartonshire,950,0,12,58,178,400,238,64
2018,East Lothian,"1,020",0,31,140,257,320,215,57
2018,East Renfrewshire,854,0,9,49,158,341,241,56
2018,Falkirk,"1,493",0,35,224,448,459,267,60
2018,Fife,"3,479",0,159,604,"1,009","1,041",552,114
2018,Glasgow City,"6,548",0,217,900,"1,807","2,122","1,210",292
2018,Highland,"2,005",0,69,307,579,601,371,78
2018,Inverclyde,689,0,29,127,197,200,118,18
2018,Midlothian,"1,075",0,20,118,311,386,200,40
2018,Moray,825,0,20,147,287,216,129,26
2018,Na h Eileanan Siar,206,0,4,32,41,65,46,18
2018,North Ayrshire,"1,125",0,64,214,330,315,167,35
2018,North Lanarkshire,"3,387",0,154,548,998,"1,041",537,109
2018,Orkney Islands,186,0,0,18,59,71,33,5
2018,Perth and Kinross,"1,217",0,25,175,336,401,230,50
2018,Renfrewshire,"1,697",0,37,244,480,559,310,67
2018,Scottish Borders,984,0,23,136,292,304,190,39
2018,Shetland Islands,215,0,3,32,58,66,43,13
2018,South Ayrshire,932,1,26,145,261,315,149,35
2018,South Lanarkshire,"3,153",0,99,403,878,"1,047",589,137
2018,Stirling,757,0,17,98,210,234,154,44
2018,West Dunbartonshire,885,0,34,141,263,276,137,34
2018,West Lothian,"1,754",0,50,261,492,585,308,58
2019,Scotland,"49,863",6,"1,449","6,707","13,574","16,562","9,479","2,086"
2019,Aberdeen City,"2,260",0,53,243,628,789,435,112
2019,Aberdeenshire,"2,400",0,36,222,700,860,503,79
2019,Angus,965,0,34,135,299,309,156,32
2019,Argyll and Bute,631,0,21,97,179,203,106,25
2019,City of Edinburgh,"4,683",0,88,360,961,"1,773","1,210",291
2019,Clackmannanshire,414,0,21,85,126,124,50,8
2019,Dumfries and Galloway,"1,153",0,36,215,370,341,157,34
2019,Dundee City,"1,417",0,65,250,397,407,247,51
2019,East Ayrshire,"1,176",0,52,205,366,356,159,38
2019,East Dunbartonshire,910,0,8,54,172,376,242,58
2019,East Lothian,973,0,27,129,236,321,206,54
2019,East Renfrewshire,808,1,5,54,158,311,215,64
2019,Falkirk,"1,460",0,43,225,422,468,269,33
2019,Fife,"3,325",0,145,558,975,"1,016",525,106
2019,Glasgow City,"6,553",3,195,907,"1,710","2,186","1,270",282
2019,Highland,"1,966",1,56,296,547,597,383,86
2019,Inverclyde,615,0,13,99,184,193,101,25
2019,Midlothian,"1,057",0,25,122,298,364,203,45
2019,Moray,816,0,19,143,240,270,115,29
2019,Na h Eileanan Siar,200,0,6,27,61,59,36,11
2019,North Ayrshire,"1,124",0,53,213,344,327,159,28
2019,North Lanarkshire,"3,438",0,140,526,953,"1,122",574,123
2019,Orkney Islands,182,0,3,18,54,61,35,11
2019,Perth and Kinross,"1,197",1,27,166,326,397,223,57
2019,Renfrewshire,"1,693",0,31,195,491,597,311,68
2019,Scottish Borders,916,0,33,119,247,299,167,51
2019,Shetland Islands,205,0,5,26,59,64,42,9
2019,South Ayrshire,837,0,26,127,239,269,139,37
2019,South Lanarkshire,"3,109",0,72,400,856,"1,034",634,113
2019,Stirling,737,0,18,71,191,236,172,49
2019,West Dunbartonshire,845,0,33,124,275,272,126,15
2019,West Lothian,"1,798",0,60,296,510,561,309,62
2020,Scotland,"46,809",7,"1,281","6,201","12,558","15,715","8,979","2,068"
2020,Aberdeen City,"2,007",0,39,234,547,708,382,97
2020,Aberdeenshire,"2,287",0,48,219,655,834,443,88
2020,Angus,860,0,32,123,272,291,111,31
2020,Argyll and Bute,592,0,15,84,178,187,97,31
2020,City of Edinburgh,"4,548",0,53,338,840,"1,783","1,207",327
2020,Clackmannanshire,444,0,14,92,126,131,72,9
2020,Dumfries and Galloway,"1,137",1,43,186,356,330,182,39
2020,Dundee City,"1,287",0,53,219,377,377,221,40
2020,East Ayrshire,"1,113",0,35,212,336,339,154,37
2020,East Dunbartonshire,884,0,9,62,164,344,259,46
2020,East Lothian,960,0,26,113,233,321,207,60
2020,East Renfrewshire,797,0,6,38,142,328,224,59
2020,Falkirk,"1,432",0,46,204,448,439,243,52
2020,Fife,"3,144",1,142,518,855,"1,014",493,121
2020,Glasgow City,"5,867",2,158,771,"1,561","1,961","1,138",276
2020,Highland,"1,866",0,45,252,517,592,359,101
2020,Inverclyde,615,0,21,107,168,197,96,26
2020,Midlothian,979,0,22,106,252,368,193,38
2020,Moray,855,0,37,139,276,242,131,30
2020,Na h Eileanan Siar,183,0,4,29,35,64,34,17
2020,North Ayrshire,"1,107",0,45,209,337,303,176,37
2020,North Lanarkshire,"3,051",0,103,468,912,967,498,103
2020,Orkney Islands,183,0,1,17,51,68,39,7
2020,Perth and Kinross,"1,186",0,26,187,300,387,234,52
2020,Renfrewshire,"1,539",0,28,172,440,538,296,65
2020,Scottish Borders,845,0,21,111,246,290,149,28
2020,Shetland Islands,176,0,3,16,60,67,22,8
2020,South Ayrshire,817,0,25,131,194,285,143,39
2020,South Lanarkshire,"2,918",2,77,403,785,959,598,94
2020,Stirling,696,0,19,72,174,232,165,34
2020,West Dunbartonshire,771,0,35,124,238,237,114,23
2020,West Lothian,"1,663",1,50,245,483,532,299,53
2021,Scotland,"47,786",4,"1,043","5,605","12,835","16,563","9,671","2,065"
2021,Aberdeen City,"2,041",0,44,232,508,710,451,96
2021,Aberdeenshire,"2,339",0,35,217,676,840,459,112
2021,Angus,915,0,28,127,275,281,167,37
2021,Argyll and Bute,599,0,1,69,169,193,125,42
2021,City of Edinburgh,"4,653",0,63,304,844,"1,855","1,317",270
2021,Clackmannanshire,498,0,17,89,156,152,74,10
2021,Dumfries and Galloway,"1,083",0,28,140,367,353,159,36
2021,Dundee City,"1,255",0,43,216,371,399,194,32
2021,East Ayrshire,"1,122",0,33,177,348,362,169,33
2021,East Dunbartonshire,898,0,16,47,142,336,292,65
2021,East Lothian,975,1,15,97,246,365,210,41
2021,East Renfrewshire,790,0,7,31,155,319,234,44
2021,Falkirk,"1,466",0,26,182,449,517,250,42
2021,Fife,"3,157",0,105,474,967,969,514,128
2021,Glasgow City,"5,929",1,150,679,"1,520","2,085","1,198",296
2021,Highland,"1,885",0,53,252,550,573,358,99
2021,Inverclyde,605,0,12,75,193,186,118,21
2021,Midlothian,"1,071",0,21,110,284,389,222,45
2021,Moray,846,0,19,119,282,271,128,27
2021,Na h Eileanan Siar,181,0,5,20,43,66,36,11
2021,North Ayrshire,"1,069",0,33,175,306,343,181,31
2021,North Lanarkshire,"3,296",1,72,520,970,"1,058",562,113
2021,Orkney Islands,171,0,2,10,58,54,35,12
2021,Perth and Kinross,"1,194",0,8,142,353,402,238,51
2021,Renfrewshire,"1,647",0,27,174,453,609,335,49
2021,Scottish Borders,852,1,22,102,234,306,157,30
2021,Shetland Islands,200,0,4,21,62,63,38,12
2021,South Ayrshire,774,0,21,117,204,262,149,21
2021,South Lanarkshire,"3,109",0,55,333,804,"1,122",658,137
2021,Stirling,670,0,22,55,159,239,160,35
2021,West Dunbartonshire,769,0,20,102,225,276,125,21
2021,West Lothian,"1,727",0,36,197,462,608,358,66
2022,Scotland,"46,959",3,"1,090","5,534","12,303","16,273","9,537","2,219"
2022,Aberdeen City,"1,939",1,25,205,498,698,426,86
2022,Aberdeenshire,"2,159",0,29,202,565,853,417,93
2022,Angus,918,0,29,116,291,309,144,29
2022,Argyll and Bute,579,0,6,58,153,201,132,29
2022,City of Edinburgh,"4,405",0,73,289,800,"1,666","1,261",316
2022,Clackmannanshire,444,0,12,70,149,118,83,12
2022,Dumfries and Galloway,"1,093",0,29,152,341,379,159,33
2022,Dundee City,"1,340",0,56,190,338,461,233,62
2022,East Ayrshire,"1,019",0,34,163,333,311,147,31
2022,East Dunbartonshire,849,0,8,43,152,315,273,58
2022,East Lothian,"1,022",0,14,103,244,369,227,65
2022,East Renfrewshire,745,0,7,39,135,302,210,52
2022,Falkirk,"1,413",0,41,194,406,471,239,62
2022,Fife,"2,990",0,96,445,861,942,530,116
2022,Glasgow City,"6,112",2,161,762,"1,641","2,000","1,219",327
2022,Highland,"1,909",0,49,235,527,611,395,92
2022,Inverclyde,654,0,15,82,194,217,126,20
2022,Midlothian,"1,040",0,20,128,248,385,218,41
2022,Moray,736,0,16,92,219,238,136,35
2022,Na h Eileanan Siar,182,0,7,13,45,81,31,5
2022,North Ayrshire,"1,054",0,38,160,289,358,173,36
2022,North Lanarkshire,"3,146",0,87,450,928,"1,040",524,117
2022,Orkney Islands,163,0,2,19,36,62,33,11
2022,Perth and Kinross,"1,153",0,24,147,304,400,235,43
2022,Renfrewshire,"1,754",0,27,167,497,633,360,70
2022,Scottish Borders,847,0,20,112,212,294,166,43
2022,Shetland Islands,207,0,4,23,64,73,37,6
2022,South Ayrshire,739,0,20,89,197,255,145,33
2022,South Lanarkshire,"3,163",0,61,369,824,"1,111",662,136
2022,Stirling,673,0,14,66,135,256,159,43
2022,West Dunbartonshire,852,0,30,133,241,279,132,37
2022,West Lothian,"1,660",0,36,218,436,585,305,80
2023,Scotland,"45,935",7,"1,139","5,283","11,765","16,238","9,330","2,173"
2023,Aberdeen City,"2,092",0,40,214,522,773,427,116
2023,Aberdeenshire,"2,072",0,30,192,540,800,414,96
2023,Angus,821,0,30,112,266,249,136,28
2023,Argyll and Bute,579,0,19,66,133,218,115,28
2023,City of Edinburgh,"4,194",1,66,303,738,"1,660","1,168",258
2023,Clackmannanshire,436,0,15,74,123,132,75,17
2023,Dumfries and Galloway,"1,123",0,38,155,345,378,160,47
2023,Dundee City,"1,315",0,57,193,355,448,224,38
2023,East Ayrshire,"1,042",0,43,168,295,344,168,24
2023,East Dunbartonshire,826,0,4,46,129,319,265,63
2023,East Lothian,939,0,7,94,218,346,224,50
2023,East Renfrewshire,799,0,10,37,138,332,234,48
2023,Falkirk,"1,316",1,34,166,360,475,228,52
2023,Fife,"2,939",1,101,418,840,952,519,108
2023,Glasgow City,"5,977",1,142,680,"1,548","2,076","1,196",334
2023,Highland,"1,788",0,41,229,488,582,351,97
2023,Inverclyde,618,0,16,90,161,228,97,26
2023,Midlothian,970,0,30,102,231,361,201,45
2023,Moray,760,1,25,94,236,251,127,26
2023,Na h Eileanan Siar,174,0,2,16,44,63,35,14
2023,North Ayrshire,986,0,31,141,307,312,156,39
2023,North Lanarkshire,"3,073",0,87,426,906,993,544,117
2023,Orkney Islands,162,0,4,19,36,67,30,6
2023,Perth and Kinross,"1,133",0,26,135,300,403,207,62
2023,Renfrewshire,"1,663",0,35,158,422,628,356,64
2023,Scottish Borders,825,0,18,104,210,278,180,35
2023,Shetland Islands,177,0,1,25,50,59,32,10
2023,South Ayrshire,815,2,27,111,182,288,173,32
2023,South Lanarkshire,"3,048",0,50,319,802,"1,085",656,136
2023,Stirling,662,0,19,61,164,231,152,35
2023,West Dunbartonshire,783,0,30,116,217,259,125,36
2023,West Lothian,"1,828",0,61,219,459,648,355,86
2024,Scotland,"45,763",3,"1,094","5,131","11,568","16,324","9,379","2,264"
2024,Aberdeen City,"1,923",0,42,191,465,698,415,112
2024,Aberdeenshire,"1,865",0,22,153,497,733,376,84
2024,Angus,874,0,24,128,239,279,165,39
2024,Argyll and Bute,549,0,7,58,134,201,103,46
2024,City of Edinburgh,"4,463",0,68,312,793,"1,715","1,240",335
2024,Clackmannanshire,391,0,11,63,121,128,49,19
2024,Dumfries and Galloway,"1,054",1,41,142,304,353,171,42
2024,Dundee City,"1,312",0,47,169,386,435,215,60
2024,East Ayrshire,"1,043",0,31,187,268,340,188,29
2024,East Dunbartonshire,806,0,11,42,112,340,242,59
2024,East Lothian,984,0,20,88,209,373,241,53
2024,East Renfrewshire,784,0,7,48,130,316,228,55
2024,Falkirk,"1,332",0,38,171,372,453,247,51
2024,Fife,"2,815",1,87,394,740,927,553,113
2024,Glasgow City,"6,150",0,124,688,"1,638","2,115","1,263",322
2024,Highland,"1,748",0,59,204,462,591,337,95
2024,Inverclyde,594,0,20,72,166,199,118,19
2024,Midlothian,"1,071",0,21,112,247,428,213,50
2024,Moray,690,0,16,104,209,230,108,23
2024,Na h Eileanan Siar,176,0,3,19,49,61,38,6
2024,North Ayrshire,"1,012",0,41,152,294,338,151,36
2024,North Lanarkshire,"3,176",0,93,430,932,"1,061",544,116
2024,Orkney Islands,146,0,2,17,41,58,20,8
2024,Perth and Kinross,"1,167",0,31,124,296,435,233,48
2024,Renfrewshire,"1,718",0,33,136,424,654,400,71
2024,Scottish Borders,835,0,21,127,208,295,138,46
2024,Shetland Islands,166,0,3,15,54,51,37,6
2024,South Ayrshire,757,0,24,98,199,262,138,36
2024,South Lanarkshire,"3,030",0,60,319,779,"1,134",602,136
2024,Stirling,659,1,18,55,131,231,166,57
2024,West Dunbartonshire,800,0,31,126,214,279,126,24
2024,West Lothian,"1,673",0,38,187,455,611,314,68
